<?xml version="1.0" encoding="UTF-8"?>
<templates>
    <t t-name="practice.location" t-inherit="point_of_sale.OrderReceipt" t-inherit-mode="extension">
        <xpath expr="//div[hasclass('pos-receipt')]/div[hasclass('pos-receipt-order-data')]" position="before">
            <div class="custom-note d-inline-block flex-grow-1 fw-bolder pe-1 text-truncate">
                Customer Location:
                <span class="text-wrap" style="font-weight: normal;" t-esc="props.data.location"/>
            </div>
            <div class="custom-note d-inline-block flex-grow-1 fw-bolder pe-1 text-truncate">
                Customer Note:
                <span class="text-wrap" style="font-weight: normal;" t-esc="props.data.add_note"/>
            </div>
            <div class="custom-note d-inline-block flex-grow-1 fw-bolder pe-1 text-truncate">
                Contact:
                <span class="text-wrap" style="font-weight: normal;" t-esc="props.data.contact"/>
            </div>
        </xpath>
    </t>
</templates>


